<?xml version="1.0" encoding="UTF-8" standalone="yes"?>
<addon id="plugin.program.Chameleon"                                                                                                                                    
	   name=" [COLOR red][B]Chame[/COLOR][COLOR blue]leon[/COLOR] [COLOR yellow]TV[/COLOR] [COLOR limegreen]Project[/COLOR][/B]"                                                 
	   version="4.3"                                                                                                                                        
	   provider-name="">
  <requires>
    <import addon="xbmc.python" version="2.1.0"/>

  </requires>
  <extension point="xbmc.python.pluginsource" library="default.py">
    <provides>executable</provides>
  </extension>
  <extension point="xbmc.service" library="startup.py" start="startup" />
  <extension point="xbmc.addon.metadata">
    <summary lang="en">Chameleon TV Project</summary>
    <description lang="en">Credit To Kodi Nick P</description>
    <platform>all</platform>
  </extension>
</addon>